merge_label,child_skill_group,is_active,created_at,updated_at
ネオマルス,ネオマルス ネットワーク障害受付業務 着信,True,2026-06-07 11:55:45.338784,2026-06-07 11:55:45.338784
ネオマルス,ネオマルス 工事開始終了受付業務 着信,True,2026-06-07 11:55:45.343387,2026-06-07 11:55:45.343387
ネオマルス,ネオマルス 総合メディカル受付業務 着信,True,2026-06-07 11:55:45.343387,2026-06-07 11:55:45.343387
弁護士ドットコム,10003弁護士ドットコム青葉総合法律事務所__0342131066,True,2026-06-07 11:56:09.822505,2026-06-07 11:56:09.822505
弁護士ドットコム,10004弁護士ドットコム弁護士法人みやこ法律事務所__0342361033,True,2026-06-07 11:56:09.825550,2026-06-07 11:56:09.825550
弁護士ドットコム,10017弁護士ドットコム虎ノ門法律経済事務所仙台支店__0342361050,True,2026-06-07 11:56:09.827142,2026-06-07 11:56:09.827142
弁護士ドットコム,10020弁護士ドットコム黒田法律事務所__0342361054,True,2026-06-07 11:56:09.828676,2026-06-07 11:56:09.828676
弁護士ドットコム,10021弁護士ドットコム松田法律事務所__0342361055,True,2026-06-07 11:56:09.828676,2026-06-07 11:56:09.828676
弁護士ドットコム,10022弁護士ドットコムさくらリーガル法律事務所__0342361061,True,2026-06-07 11:56:09.830199,2026-06-07 11:56:09.830199
弁護士ドットコム,10024弁護士ドットコム吉原法律事務所__0342361056,True,2026-06-07 11:56:09.830199,2026-06-07 11:56:09.830199
弁護士ドットコム,10032弁護士ドットコム宇賀神国際法律事務所__0342361073,True,2026-06-07 11:56:09.831790,2026-06-07 11:56:09.831790
弁護士ドットコム,10036弁護士ドットコム福原千代田法律事務所__0342361076,True,2026-06-07 11:56:09.831790,2026-06-07 11:56:09.831790
弁護士ドットコム,10037弁護士ドットコム大西洋至法律事務所__0342361078,True,2026-06-07 11:56:09.833308,2026-06-07 11:56:09.833308
弁護士ドットコム,10041弁護士ドットコム虎ノ門法律経済事務所和歌山支店__0342361085,True,2026-06-07 11:56:09.833308,2026-06-07 11:56:09.833308
弁護士ドットコム,10042弁護士ドットコムはるかぜ法律事務所 阿部先生__0342361087,True,2026-06-07 11:56:09.834828,2026-06-07 11:56:09.834828
弁護士ドットコム,10043弁護士ドットコム西船橋ゴール法律事務所__0342361089,True,2026-06-07 11:56:09.834828,2026-06-07 11:56:09.834828
弁護士ドットコム,10044弁護士ドットコムオルタナ法律事務所__0342361088,True,2026-06-07 11:56:09.836363,2026-06-07 11:56:09.836363
弁護士ドットコム,10048弁護士ドットコム横濱啓明法律事務所__0342361093,True,2026-06-07 11:56:09.836363,2026-06-07 11:56:09.836363
弁護士ドットコム,10049弁護士ドットコム多々納久雄法律事務所__0342361098,True,2026-06-07 11:56:09.837908,2026-06-07 11:56:09.837908
弁護士ドットコム,10056弁護士ドットコム富士パートナーズ法律事務所__0344942603,True,2026-06-07 11:56:09.837908,2026-06-07 11:56:09.837908
弁護士ドットコム,10057弁護士ドットコムインテンス法律事務所__0344942607,True,2026-06-07 11:56:09.837908,2026-06-07 11:56:09.837908
弁護士ドットコム,10058弁護士ドットコム廣田善康法律事務所__0344942604,True,2026-06-07 11:56:09.839432,2026-06-07 11:56:09.839432
弁護士ドットコム,10062弁護士ドットコムはなぞの綜合法律八尾オフィス__0344942608,True,2026-06-07 11:56:09.839432,2026-06-07 11:56:09.839432
弁護士ドットコム,10063弁護士ドットコム天田綜合法律事務所__0344942612,True,2026-06-07 11:56:09.840451,2026-06-07 11:56:09.840451
弁護士ドットコム,10066弁護士ドットコムかのや法律事務所__0344942614,True,2026-06-07 11:56:09.842055,2026-06-07 11:56:09.842055
弁護士ドットコム,10068弁護士ドットコム小泉・池田法律事務所__0344942621,True,2026-06-07 11:56:09.842643,2026-06-07 11:56:09.842643
弁護士ドットコム,10070弁護士ドットコムれいめい総合法律事務所__0344942622,True,2026-06-07 11:56:09.843149,2026-06-07 11:56:09.843149
弁護士ドットコム,10071弁護士ドットコムれいめい総合法律事務所知覧__0344942623,True,2026-06-07 11:56:09.843149,2026-06-07 11:56:09.843149
弁護士ドットコム,10072弁護士ドットコム湖南法律事務所__0344942624,True,2026-06-07 11:56:09.844759,2026-06-07 11:56:09.844759
弁護士ドットコム,10073弁護士ドットコムYD法律事務所__0344942625,True,2026-06-07 11:56:09.844759,2026-06-07 11:56:09.844759
弁護士ドットコム,10074弁護士ドットコム佐久間総合法律事務所__0344942626,True,2026-06-07 11:56:09.844759,2026-06-07 11:56:09.844759
弁護士ドットコム,10075弁護士ドットコム賢誠総合法律事務所 国府先生__0344942627,True,2026-06-07 11:56:09.846372,2026-06-07 11:56:09.846372
弁護士ドットコム,10076弁護士ドットコム園高明法律事務所__0344942628,True,2026-06-07 11:56:09.846372,2026-06-07 11:56:09.846372
弁護士ドットコム,10077弁護士ドットコム福田総合法律事務所__0344942630,True,2026-06-07 11:56:09.847980,2026-06-07 11:56:09.847980
弁護士ドットコム,10078弁護士ドットコム弁護士法人STR法律事務所__0344942629,True,2026-06-07 11:56:09.847980,2026-06-07 11:56:09.847980
弁護士ドットコム,10080弁護士ドットコムF＆J法律事務所__0344942651,True,2026-06-07 11:56:09.849533,2026-06-07 11:56:09.849533
弁護士ドットコム,10081弁護士ドットコムこうもと法律事務所__0344942648,True,2026-06-07 11:56:09.849533,2026-06-07 11:56:09.849533
弁護士ドットコム,10084弁護士ドットコム谷道法律事務所__0344942647,True,2026-06-07 11:56:09.849533,2026-06-07 11:56:09.849533
弁護士ドットコム,10085弁護士ドットコムはまかぜ法律事務所__0344942652,True,2026-06-07 11:56:09.851161,2026-06-07 11:56:09.851161
弁護士ドットコム,10087弁護士ドットコムラベンダー法律事務所__0344942654,True,2026-06-07 11:56:09.851161,2026-06-07 11:56:09.851161
弁護士ドットコム,10089弁護士ドットコム桜樹法律事務所 竹本先生__0344942661,True,2026-06-07 11:56:09.852771,2026-06-07 11:56:09.852771
弁護士ドットコム,10093弁護士ドットコム弁護士法人ももとせはなてん__0344942658,True,2026-06-07 11:56:09.852771,2026-06-07 11:56:09.852771
弁護士ドットコム,10094弁護士ドットコム弁護士法人ももとせ今福__0344942657,True,2026-06-07 11:56:09.852771,2026-06-07 11:56:09.852771
弁護士ドットコム,10096弁護士ドットコム小野貴朗総合法律事務所__0344942664,True,2026-06-07 11:56:09.854325,2026-06-07 11:56:09.854325
弁護士ドットコム,10097弁護士ドットコム紫葵法律事務所__0344942665,True,2026-06-07 11:56:09.854325,2026-06-07 11:56:09.854325
弁護士ドットコム,10100弁護士ドットコム用賀法律事務所__0344942670,True,2026-06-07 11:56:09.854325,2026-06-07 11:56:09.854325
弁護士ドットコム,10101弁護士ドットコム塚本幸司法律事務所__0344942668,True,2026-06-07 11:56:09.855977,2026-06-07 11:56:09.855977
弁護士ドットコム,10103弁護士ドットコムロータス・リーガル・アジア__0344942667,True,2026-06-07 11:56:09.855977,2026-06-07 11:56:09.855977
弁護士ドットコム,10107弁護士ドットコム薬研坂法律事務所__0344942673,True,2026-06-07 11:56:09.855977,2026-06-07 11:56:09.855977
弁護士ドットコム,10108弁護士ドットコム宮川法律事務所__0344942680,True,2026-06-07 11:56:09.857670,2026-06-07 11:56:09.857670
弁護士ドットコム,10110弁護士ドットコムよしの法律事務所__0344942681,True,2026-06-07 11:56:09.859207,2026-06-07 11:56:09.859207
弁護士ドットコム,10111弁護士ドットコムラグレン法律事務所__0344942683,True,2026-06-07 11:56:09.859207,2026-06-07 11:56:09.859207
弁護士ドットコム,10112弁護士ドットコム修善寺法律事務所__0344942684,True,2026-06-07 11:56:09.861503,2026-06-07 11:56:09.861503
弁護士ドットコム,10115弁護士ドットコム伊倉総合阿部先生__0344942687,True,2026-06-07 11:56:09.862046,2026-06-07 11:56:09.862046
弁護士ドットコム,10116弁護士ドットコム田村法律事務所__0344942688,True,2026-06-07 11:56:09.863568,2026-06-07 11:56:09.863568
弁護士ドットコム,10118弁護士ドットコム高澤総合法律事務所__0344942690,True,2026-06-07 11:56:09.863568,2026-06-07 11:56:09.863568
弁護士ドットコム,10119弁護士ドットコム馬場総合法律事務所__0344942691,True,2026-06-07 11:56:09.865125,2026-06-07 11:56:09.865125
弁護士ドットコム,10120弁護士ドットコム横井法律事務所__0344942692,True,2026-06-07 11:56:09.865125,2026-06-07 11:56:09.865125
弁護士ドットコム,10121弁護士ドットコムがまごおり法律事務所__0344942693,True,2026-06-07 11:56:09.865125,2026-06-07 11:56:09.865125
弁護士ドットコム,10122弁護士ドットコム湊第一法律事務所__0344942694,True,2026-06-07 11:56:09.866663,2026-06-07 11:56:09.866663
弁護士ドットコム,10125弁護士ドットコム弁護士法人糸川法律事務所__0344942697,True,2026-06-07 11:56:09.868203,2026-06-07 11:56:09.868203
弁護士ドットコム,10126弁護士ドットコムひまわり法律事務所__0342189900,True,2026-06-07 11:56:09.868203,2026-06-07 11:56:09.868203
弁護士ドットコム,10128弁護士ドットコム弁護士法人東京あすなろ法律__0342189905,True,2026-06-07 11:56:09.868203,2026-06-07 11:56:09.868203
弁護士ドットコム,10129弁護士ドットコムみとみらい法律事務所__0342189904,True,2026-06-07 11:56:09.869751,2026-06-07 11:56:09.869751
弁護士ドットコム,10132弁護士ドットコムみなみ福岡法律事務所__0342189909,True,2026-06-07 11:56:09.869751,2026-06-07 11:56:09.869751
弁護士ドットコム,10133弁護士ドットコム清水法律事務所__0342189907,True,2026-06-07 11:56:09.871288,2026-06-07 11:56:09.871288
弁護士ドットコム,10134弁護士ドットコム法律事務所・CANE__0342189906,True,2026-06-07 11:56:09.872792,2026-06-07 11:56:09.872792
弁護士ドットコム,10136弁護士ドットコムスマートリーガル法律事務所__0342189912,True,2026-06-07 11:56:09.874327,2026-06-07 11:56:09.874327
弁護士ドットコム,10137弁護士ドットコム竹中法律事務所__0342189913,True,2026-06-07 11:56:09.874327,2026-06-07 11:56:09.874327
弁護士ドットコム,10138弁護士ドットコムアジアンタム法律事務所__0342189915,True,2026-06-07 11:56:09.874327,2026-06-07 11:56:09.874327
弁護士ドットコム,10140弁護士ドットコム藤枝市役所前法律事務所__0342189919,True,2026-06-07 11:56:09.875854,2026-06-07 11:56:09.875854
弁護士ドットコム,10142弁護士ドットコム大西総合法律事務所名古屋__0342189916,True,2026-06-07 11:56:09.875854,2026-06-07 11:56:09.875854
弁護士ドットコム,10143弁護士ドットコムきたがわ法律事務所__0342189918,True,2026-06-07 11:56:09.877412,2026-06-07 11:56:09.877412
弁護士ドットコム,10144弁護士ドットコム西鹿児島法律事務所川内支所__0342189920,True,2026-06-07 11:56:09.877412,2026-06-07 11:56:09.877412
弁護士ドットコム,10145弁護士ドットコム弁護士法人美咲__0342189921,True,2026-06-07 11:56:09.878970,2026-06-07 11:56:09.878970
弁護士ドットコム,10147弁護士ドットコム湖北法律事務所__0342189923,True,2026-06-07 11:56:09.878970,2026-06-07 11:56:09.878970
弁護士ドットコム,10148弁護士ドットコム池田貴明法律事務所__0342189924,True,2026-06-07 11:56:09.878970,2026-06-07 11:56:09.878970
弁護士ドットコム,10151弁護士ドットコム和勢法律事務所__0342189928,True,2026-06-07 11:56:09.880591,2026-06-07 11:56:09.880591
弁護士ドットコム,10152弁護士ドットコム三船法律事務所__0342189929,True,2026-06-07 11:56:09.880591,2026-06-07 11:56:09.880591
弁護士ドットコム,10154弁護士ドットコム深田法律事務所__0342189930,True,2026-06-07 11:56:09.880591,2026-06-07 11:56:09.880591
弁護士ドットコム,10159弁護士ドットコム新宿村上法律事務所__0342189935,True,2026-06-07 11:56:09.882203,2026-06-07 11:56:09.882203
弁護士ドットコム,10160弁護士ドットコム弁護士法人水戸翔合同法律事務所__0342189936,True,2026-06-07 11:56:09.882203,2026-06-07 11:56:09.882203
弁護士ドットコム,10161弁護士ドットコムあやめ法律事務所__0342189937,True,2026-06-07 11:56:09.882203,2026-06-07 11:56:09.882203
弁護士ドットコム,10162弁護士ドットコムリバーストーン法律事務所__0342189938,True,2026-06-07 11:56:09.882203,2026-06-07 11:56:09.882203
弁護士ドットコム,10163弁護士ドットコム関根貴生法律事務所__0342189939,True,2026-06-07 11:56:09.883818,2026-06-07 11:56:09.883818
弁護士ドットコム,10164弁護士ドットコムことう法律事務所__0342189940,True,2026-06-07 11:56:09.883818,2026-06-07 11:56:09.883818
弁護士ドットコム,10167弁護士ドットコム弁護士法人リフト__0342189981,True,2026-06-07 11:56:09.883818,2026-06-07 11:56:09.883818
弁護士ドットコム,10168弁護士ドットコム弁護士法人アクロピース__0342189980,True,2026-06-07 11:56:09.883818,2026-06-07 11:56:09.883818
弁護士ドットコム,10169弁護士ドットコム村山法律事務所__0342189982,True,2026-06-07 11:56:09.885430,2026-06-07 11:56:09.885430
弁護士ドットコム,10170弁護士ドットコム東京六一法律事務所__0342189984,True,2026-06-07 11:56:09.885430,2026-06-07 11:56:09.885430
弁護士ドットコム,10171弁護士ドットコム竹口・堀法律事務所__0342189983,True,2026-06-07 11:56:09.885430,2026-06-07 11:56:09.885430
弁護士ドットコム,10173弁護士ドットコム東大阪布施法律事務所__0342189986,True,2026-06-07 11:56:09.886954,2026-06-07 11:56:09.886954
弁護士ドットコム,10174弁護士ドットコムれいわ法律事務所__0342189987,True,2026-06-07 11:56:09.886954,2026-06-07 11:56:09.886954
弁護士ドットコム,10175弁護士ドットコムアシスト法律事務所__0342848400,True,2026-06-07 11:56:09.888627,2026-06-07 11:56:09.888627
弁護士ドットコム,10176弁護士ドットコム法律事務所こんにちは__0342189988,True,2026-06-07 11:56:09.888627,2026-06-07 11:56:09.888627
弁護士ドットコム,10177弁護士ドットコム法律事務所光琳__0342848401,True,2026-06-07 11:56:09.888627,2026-06-07 11:56:09.888627
弁護士ドットコム,10179弁護士ドットコム弁護士法人AK法律事務所__0342848403,True,2026-06-07 11:56:09.890148,2026-06-07 11:56:09.890148
弁護士ドットコム,10180弁護士ドットコム石井法律事務所__0342848405,True,2026-06-07 11:56:09.890148,2026-06-07 11:56:09.890148
弁護士ドットコム,10181弁護士ドットコムたちばな総合法律事務所__0342848404,True,2026-06-07 11:56:09.891703,2026-06-07 11:56:09.891703
弁護士ドットコム,10182弁護士ドットコム鈴木＆パートナーズ法律事務所__0342848407,True,2026-06-07 11:56:09.891703,2026-06-07 11:56:09.891703
弁護士ドットコム,10184弁護士ドットコム川口中央法律事務所__0342848409,True,2026-06-07 11:56:09.893243,2026-06-07 11:56:09.893243
弁護士ドットコム,10185弁護士ドットコムflowers法律事務所__0342848408,True,2026-06-07 11:56:09.893243,2026-06-07 11:56:09.893243
弁護士ドットコム,10186弁護士ドットコム杉山喜久枝法律事務所__0342848410,True,2026-06-07 11:56:09.894798,2026-06-07 11:56:09.894798
弁護士ドットコム,10187弁護士ドットコム池田第一法律事務所__0342848411,True,2026-06-07 11:56:09.894798,2026-06-07 11:56:09.894798
弁護士ドットコム,10189弁護士ドットコム品川高輪総合法律事務所__0342848412,True,2026-06-07 11:56:09.896347,2026-06-07 11:56:09.896347
弁護士ドットコム,10190弁護士ドットコム谷口法律事務所__0342848416,True,2026-06-07 11:56:09.896347,2026-06-07 11:56:09.896347
弁護士ドットコム,10191弁護士ドットコムローイング法律事務所__0342848414,True,2026-06-07 11:56:09.897634,2026-06-07 11:56:09.897634
弁護士ドットコム,10194弁護士ドットコム弁護士法人ＨＡＬ秋葉原本部__0342848417,True,2026-06-07 11:56:09.897634,2026-06-07 11:56:09.897634
弁護士ドットコム,10196弁護士ドットコム戎みなとまち法律事務所__0342848421,True,2026-06-07 11:56:09.899160,2026-06-07 11:56:09.899160
弁護士ドットコム,10197弁護士ドットコム弁護士法人前島綜合法律事務所__0342848420,True,2026-06-07 11:56:09.899160,2026-06-07 11:56:09.899160
弁護士ドットコム,10198弁護士ドットコムほとぎ法律事務所__0342848422,True,2026-06-07 11:56:09.900527,2026-06-07 11:56:09.900527
弁護士ドットコム,10199弁護士ドットコム仙台そよかぜ法律事務所__0342848424,True,2026-06-07 11:56:09.900527,2026-06-07 11:56:09.900527
弁護士ドットコム,10200弁護士ドットコム姫路こはる法律事務所__0342848423,True,2026-06-07 11:56:09.900527,2026-06-07 11:56:09.900527
弁護士ドットコム,10204弁護士ドットコム弁護士法人高橋智法律事務所__0342848429,True,2026-06-07 11:56:09.900527,2026-06-07 11:56:09.900527
弁護士ドットコム,10205弁護士ドットコム弁護士法人芦屋西宮市民法律__0342848428,True,2026-06-07 11:56:09.902087,2026-06-07 11:56:09.902087
弁護士ドットコム,10206弁護士ドットコムオリオン法律事務所横浜支部__0342848441,True,2026-06-07 11:56:09.902087,2026-06-07 11:56:09.902087
弁護士ドットコム,10207弁護士ドットコム共知総合法律事務所__0342848442,True,2026-06-07 11:56:09.903672,2026-06-07 11:56:09.903672
弁護士ドットコム,10208弁護士ドットコム梅山法律事務所__0342848443,True,2026-06-07 11:56:09.903672,2026-06-07 11:56:09.903672
弁護士ドットコム,10209弁護士ドットコムアトム静岡法律事務所__0342848444,True,2026-06-07 11:56:09.903672,2026-06-07 11:56:09.903672
弁護士ドットコム,10210弁護士ドットコム新銀座総合法律事務所__0342848446,True,2026-06-07 11:56:09.905243,2026-06-07 11:56:09.905243
弁護士ドットコム,10211弁護士ドットコム亀甲法律事務所__0342848445,True,2026-06-07 11:56:09.905243,2026-06-07 11:56:09.905243
弁護士ドットコム,10213弁護士ドットコム東京離婚弁護士法律事務所__0342848450,True,2026-06-07 11:56:09.905243,2026-06-07 11:56:09.905243
弁護士ドットコム,10214弁護士ドットコム宇賀神国際法律事務所 青木先生__0342848448,True,2026-06-07 11:56:09.906773,2026-06-07 11:56:09.906773
弁護士ドットコム,10215弁護士ドットコム宇賀神国際法律事務所 野水先生__0342848449,True,2026-06-07 11:56:09.906773,2026-06-07 11:56:09.906773
弁護士ドットコム,10216弁護士ドットコム林寛太郎法律事務所__0342848451,True,2026-06-07 11:56:09.906773,2026-06-07 11:56:09.906773
弁護士ドットコム,10217弁護士ドットコム島村研策法律事務所__0342848455,True,2026-06-07 11:56:09.908297,2026-06-07 11:56:09.908297
弁護士ドットコム,10218弁護士ドットコムGK総合法律事務所__0342848458,True,2026-06-07 11:56:09.908297,2026-06-07 11:56:09.908297
弁護士ドットコム,10219弁護士ドットコム太田・遠藤法律事務所__0342848456,True,2026-06-07 11:56:09.909850,2026-06-07 11:56:09.909850
弁護士ドットコム,10220弁護士ドットコム弁護士法人東海総合__0342848454,True,2026-06-07 11:56:09.909850,2026-06-07 11:56:09.909850
弁護士ドットコム,10221弁護士ドットコムマネジメントコンシェルジュ__0342848452,True,2026-06-07 11:56:09.911390,2026-06-07 11:56:09.911390
弁護士ドットコム,10223弁護士ドットコムいばらき総合法律事務所__0342848453,True,2026-06-07 11:56:09.912947,2026-06-07 11:56:09.912947
弁護士ドットコム,10224弁護士ドットコム大町法律事務所__0342848460,True,2026-06-07 11:56:09.912947,2026-06-07 11:56:09.912947
弁護士ドットコム,10226弁護士ドットコムPSF法律事務所__0342848471,True,2026-06-07 11:56:09.912947,2026-06-07 11:56:09.912947
弁護士ドットコム,10227弁護士ドットコム大下信法律事務所__0342848469,True,2026-06-07 11:56:09.914523,2026-06-07 11:56:09.914523
弁護士ドットコム,10229弁護士ドットコムみつ葉法律事務所__0342848467,True,2026-06-07 11:56:09.914523,2026-06-07 11:56:09.914523
弁護士ドットコム,10230弁護士ドットコム米田軍平法律事務所__0342848470,True,2026-06-07 11:56:09.914523,2026-06-07 11:56:09.914523
弁護士ドットコム,10231弁護士ドットコム静岡法律事務所__0342848475,True,2026-06-07 11:56:09.916044,2026-06-07 11:56:09.916044
弁護士ドットコム,10234弁護士ドットコム琉球アカデミア法律事務所__0342848473,True,2026-06-07 11:56:09.916044,2026-06-07 11:56:09.916044
弁護士ドットコム,10236弁護士ドットコムさいわい・ビクトリー法律事務所__0342848474,True,2026-06-07 11:56:09.916044,2026-06-07 11:56:09.916044
弁護士ドットコム,10237弁護士ドットコムいばらき法律事務所__0342848472,True,2026-06-07 11:56:09.917565,2026-06-07 11:56:09.917565
弁護士ドットコム,10240弁護士ドットコム飯塚総合法律事務所__0342848482,True,2026-06-07 11:56:09.917565,2026-06-07 11:56:09.917565
弁護士ドットコム,10241弁護士ドットコムほりい綜合法律事務所__0342848486,True,2026-06-07 11:56:09.917565,2026-06-07 11:56:09.917565
弁護士ドットコム,10242弁護士ドットコム世田谷さくらがおか法律事務所__0342848484,True,2026-06-07 11:56:09.919243,2026-06-07 11:56:09.919243
弁護士ドットコム,10243弁護士ドットコム大宮ありあけ法律事務所__0342848487,True,2026-06-07 11:56:09.920296,2026-06-07 11:56:09.920296
弁護士ドットコム,10245弁護士ドットコム杉岡法律事務所__0342848488,True,2026-06-07 11:56:09.920858,2026-06-07 11:56:09.920858
弁護士ドットコム,10246弁護士ドットコム田中総合法律事務所__0342848489,True,2026-06-07 11:56:09.920858,2026-06-07 11:56:09.920858
弁護士ドットコム,10248弁護士ドットコム筑紫野基山法律事務所__0342848491,True,2026-06-07 11:56:09.922381,2026-06-07 11:56:09.922381
弁護士ドットコム,10250弁護士ドットコム橋爪・藤田法律事務所__0342848490,True,2026-06-07 11:56:09.922381,2026-06-07 11:56:09.922381
弁護士ドットコム,10252弁護士ドットコム松江桜法律事務所__0342848497,True,2026-06-07 11:56:09.923909,2026-06-07 11:56:09.923909
弁護士ドットコム,10254弁護士ドットコムローリーグ法律事務所__0342848499,True,2026-06-07 11:56:09.923909,2026-06-07 11:56:09.923909
弁護士ドットコム,10257弁護士ドットコム弁護士法人ももとせ__0342132700,True,2026-06-07 11:56:09.925430,2026-06-07 11:56:09.925430
弁護士ドットコム,10258弁護士ドットコム弁護士法人法律事務所せんだい__0342132701,True,2026-06-07 11:56:09.926964,2026-06-07 11:56:09.926964
弁護士ドットコム,10261弁護士ドットコム村上・加藤・野口法律事務所__0342132705,True,2026-06-07 11:56:09.928504,2026-06-07 11:56:09.928504
弁護士ドットコム,10262弁護士ドットコムクラリア法律事務所__0342132704,True,2026-06-07 11:56:09.930056,2026-06-07 11:56:09.930056
弁護士ドットコム,10263弁護士ドットコムくにたち法律事務所__0342132702,True,2026-06-07 11:56:09.930576,2026-06-07 11:56:09.930576
弁護士ドットコム,10264弁護士ドットコム影山法律事務所__0342132703,True,2026-06-07 11:56:09.931080,2026-06-07 11:56:09.931080
弁護士ドットコム,10266弁護士ドットコム井奈法律事務所__0342132715,True,2026-06-07 11:56:09.932593,2026-06-07 11:56:09.932593
弁護士ドットコム,10267弁護士ドットコム虎ノ門法律経済事務所柏支店__0342132712,True,2026-06-07 11:56:09.933377,2026-06-07 11:56:09.933377
弁護士ドットコム,10268弁護士ドットコム弁護士法人法律事務所DUON__0342132714,True,2026-06-07 11:56:09.933883,2026-06-07 11:56:09.933883
弁護士ドットコム,10269弁護士ドットコムおおばやし法律事務所__0342132713,True,2026-06-07 11:56:09.933883,2026-06-07 11:56:09.933883
弁護士ドットコム,10272弁護士ドットコム横浜パーク法律事務所__0342132718,True,2026-06-07 11:56:09.935406,2026-06-07 11:56:09.935406
弁護士ドットコム,10273弁護士ドットコム東京ベイ法律事務所__0342132719,True,2026-06-07 11:56:09.935406,2026-06-07 11:56:09.935406
弁護士ドットコム,10274弁護士ドットコム横浜横須賀法律事務所__0342132723,True,2026-06-07 11:56:09.935406,2026-06-07 11:56:09.935406
弁護士ドットコム,10275弁護士ドットコム中村匠吾法律事務所__0342132722,True,2026-06-07 11:56:09.936929,2026-06-07 11:56:09.936929
弁護士ドットコム,10277弁護士ドットコム千歳法律事務所__0342132724,True,2026-06-07 11:56:09.937998,2026-06-07 11:56:09.937998
弁護士ドットコム,10279弁護士ドットコム田島・寺西・遠藤法律事務所__0342132730,True,2026-06-07 11:56:09.939332,2026-06-07 11:56:09.939332
弁護士ドットコム,10280弁護士ドットコム風の杜法律事務所__0342132739,True,2026-06-07 11:56:09.940339,2026-06-07 11:56:09.940339
弁護士ドットコム,10281弁護士ドットコム新麹町法律事務所__0342132725,True,2026-06-07 11:56:09.940849,2026-06-07 11:56:09.940849
弁護士ドットコム,10282弁護士ドットコム竹町法律事務所__0342132727,True,2026-06-07 11:56:09.942910,2026-06-07 11:56:09.942910
弁護士ドットコム,10283弁護士ドットコム弁護士法人ふじ法律事務所__0342132731,True,2026-06-07 11:56:09.943417,2026-06-07 11:56:09.943417
弁護士ドットコム,10284弁護士ドットコム弁護士法人宮本法律事務所__0342132728,True,2026-06-07 11:56:09.944621,2026-06-07 11:56:09.944621
弁護士ドットコム,10285弁護士ドットコム白川剛法律事務所__0342132738,True,2026-06-07 11:56:09.945656,2026-06-07 11:56:09.945656
弁護士ドットコム,10286弁護士ドットコム野村法律事務所__0342132729,True,2026-06-07 11:56:09.947110,2026-06-07 11:56:09.947110
弁護士ドットコム,10288弁護士ドットコムルポながれやま法律事務所__0342132740,True,2026-06-07 11:56:09.947110,2026-06-07 11:56:09.947110
弁護士ドットコム,10289弁護士ドットコム原山法律事務所__0342132741,True,2026-06-07 11:56:09.949475,2026-06-07 11:56:09.949475
弁護士ドットコム,10291弁護士ドットコム神戸さざんか法律事務所__0342132752,True,2026-06-07 11:56:09.949475,2026-06-07 11:56:09.949475
弁護士ドットコム,10293弁護士ドットコム桜町総合法律事務所__0342132743,True,2026-06-07 11:56:09.950998,2026-06-07 11:56:09.950998
弁護士ドットコム,10294弁護士ドットコム辻綜合法律事務所__0342132749,True,2026-06-07 11:56:09.950998,2026-06-07 11:56:09.950998
弁護士ドットコム,10296弁護士ドットコム弁護士法人しおかぜ__0342132751,True,2026-06-07 11:56:09.952522,2026-06-07 11:56:09.952522
弁護士ドットコム,10297弁護士ドットコムくすの木通り法律事務所__0342132745,True,2026-06-07 11:56:09.954044,2026-06-07 11:56:09.954044
弁護士ドットコム,10298弁護士ドットコム国分寺南法律事務所__0342132748,True,2026-06-07 11:56:09.954044,2026-06-07 11:56:09.954044
弁護士ドットコム,10299弁護士ドットコムいずみ総合法律事務所__0342132744,True,2026-06-07 11:56:09.955581,2026-06-07 11:56:09.955581
弁護士ドットコム,10300弁護士ドットコム秋山法律事務所__0342132746,True,2026-06-07 11:56:09.955581,2026-06-07 11:56:09.955581
弁護士ドットコム,10301弁護士ドットコム法律事務所MaMoLaw__0342132747,True,2026-06-07 11:56:09.957103,2026-06-07 11:56:09.957103
弁護士ドットコム,10303弁護士ドットコムリンク総合法律事務所__0342132754,True,2026-06-07 11:56:09.957627,2026-06-07 11:56:09.957627
弁護士ドットコム,10304弁護士ドットコム南法律特許事務所__0342132755,True,2026-06-07 11:56:09.960311,2026-06-07 11:56:09.960311
弁護士ドットコム,10305弁護士ドットコム多田法律事務所 多田先生__0342132756,True,2026-06-07 11:56:09.961827,2026-06-07 11:56:09.961827
弁護士ドットコム,10306弁護士ドットコムきずな西大寺法律事務所__0342132764,True,2026-06-07 11:56:09.963349,2026-06-07 11:56:09.963349
弁護士ドットコム,10307弁護士ドットコムかしわ総合法律事務所__0342132773,True,2026-06-07 11:56:09.963349,2026-06-07 11:56:09.963349
弁護士ドットコム,10308弁護士ドットコム朝道法律事務所__0342132768,True,2026-06-07 11:56:09.965442,2026-06-07 11:56:09.965442
弁護士ドットコム,10310弁護士ドットコム弁護士法人山口総合法律事務所__0342132765,True,2026-06-07 11:56:09.965951,2026-06-07 11:56:09.965951
弁護士ドットコム,10311弁護士ドットコムみらい法律事務所__0342132772,True,2026-06-07 11:56:09.967544,2026-06-07 11:56:09.967544
弁護士ドットコム,10312弁護士ドットコムかおる総合法律事務所__0342132769,True,2026-06-07 11:56:09.968052,2026-06-07 11:56:09.968052
弁護士ドットコム,10315弁護士ドットコム永田法律事務所__0342132767,True,2026-06-07 11:56:09.969574,2026-06-07 11:56:09.969574
弁護士ドットコム,10317弁護士ドットコムカワムラ法律事務所__0342132775,True,2026-06-07 11:56:09.970604,2026-06-07 11:56:09.970604
弁護士ドットコム,10318弁護士ドットコムひなた法律事務所__0342132778,True,2026-06-07 11:56:09.971883,2026-06-07 11:56:09.971883
弁護士ドットコム,10319弁護士ドットコムアーネスト法律事務所__0342132786,True,2026-06-07 11:56:09.972969,2026-06-07 11:56:09.972969
弁護士ドットコム,10320弁護士ドットコム関口法律会計事務所__0342132779,True,2026-06-07 11:56:09.974020,2026-06-07 11:56:09.974020
弁護士ドットコム,10321弁護士ドットコム内田法律事務所__0342132782,True,2026-06-07 11:56:09.974020,2026-06-07 11:56:09.974020
弁護士ドットコム,10322弁護士ドットコム神戸NT法律事務所__0342132787,True,2026-06-07 11:56:09.975539,2026-06-07 11:56:09.975539
弁護士ドットコム,10323弁護士ドットコムあさかぜ信州法律事務所__0342132777,True,2026-06-07 11:56:09.975539,2026-06-07 11:56:09.975539
弁護士ドットコム,10324弁護士ドットコム佐々木総合法律事務所__0342132783,True,2026-06-07 11:56:09.977079,2026-06-07 11:56:09.977079
弁護士ドットコム,10325弁護士ドットコム城山法律事務所__0342132780,True,2026-06-07 11:56:09.977079,2026-06-07 11:56:09.977079
弁護士ドットコム,10326弁護士ドットコム新橋ハンズ法律事務所__0342132788,True,2026-06-07 11:56:09.977079,2026-06-07 11:56:09.977079
弁護士ドットコム,10327弁護士ドットコム平野法律事務所__0342132789,True,2026-06-07 11:56:09.978605,2026-06-07 11:56:09.978605
弁護士ドットコム,10328弁護士ドットコムファーマ法律事務所__0342132784,True,2026-06-07 11:56:09.978605,2026-06-07 11:56:09.978605
弁護士ドットコム,10329弁護士ドットコム藤垣法律事務所__0342132785,True,2026-06-07 11:56:09.983022,2026-06-07 11:56:09.983022
弁護士ドットコム,10330弁護士ドットコム大原法律事務所__0342132781,True,2026-06-07 11:56:09.983530,2026-06-07 11:56:09.983530
弁護士ドットコム,10332弁護士ドットコム島津法律事務所__0342132791,True,2026-06-07 11:56:09.984578,2026-06-07 11:56:09.984578
弁護士ドットコム,10333弁護士ドットコム多摩北部法律事務所__0342132792,True,2026-06-07 11:56:09.985117,2026-06-07 11:56:09.985117
弁護士ドットコム,10335弁護士ドットコム和田金法律事務所__0342132794,True,2026-06-07 11:56:09.985625,2026-06-07 11:56:09.985625
弁護士ドットコム,10337弁護士ドットコム吉村美夏子法律事務所__0342132796,True,2026-06-07 11:56:09.986176,2026-06-07 11:56:09.986176
弁護士ドットコム,10338弁護士ドットコム本村総合法律事務所__0342132798,True,2026-06-07 11:56:09.986683,2026-06-07 11:56:09.986683
弁護士ドットコム,10339弁護士ドットコム京都五条法律事務所__0342132797,True,2026-06-07 11:56:09.987219,2026-06-07 11:56:09.987219
弁護士ドットコム,10340弁護士ドットコム横浜青葉法律事務所__0342132799,True,2026-06-07 11:56:09.988272,2026-06-07 11:56:09.988272
弁護士ドットコム,10341弁護士ドットコム奈良合同法律事務所__0342146200,True,2026-06-07 11:56:09.988781,2026-06-07 11:56:09.988781
弁護士ドットコム,10342弁護士ドットコム飯倉片町法律事務所__0342146201,True,2026-06-07 11:56:09.989832,2026-06-07 11:56:09.989832
弁護士ドットコム,10343弁護士ドットコム磐城総合法律事務所__0342146202,True,2026-06-07 11:56:09.990844,2026-06-07 11:56:09.990844
弁護士ドットコム,10344弁護士ドットコム奥庭法律事務所__0342146204,True,2026-06-07 11:56:09.992086,2026-06-07 11:56:09.992086
弁護士ドットコム,10345弁護士ドットコム翔和パートナーズ法律事務所__0342146203,True,2026-06-07 11:56:09.993615,2026-06-07 11:56:09.993615
弁護士ドットコム,10346弁護士ドットコム秦野法律事務所__0342146206,True,2026-06-07 11:56:09.994179,2026-06-07 11:56:09.994179
弁護士ドットコム,10347弁護士ドットコムさがみはら　風と光の法律事務所__0342146205,True,2026-06-07 11:56:09.994685,2026-06-07 11:56:09.994685
弁護士ドットコム,10348弁護士ドットコム弁護士法人ラグーン__0342146207,True,2026-06-07 11:56:09.996249,2026-06-07 11:56:09.996249
弁護士ドットコム,10349弁護士ドットコム田中亮一法律事務所__0342146210,True,2026-06-07 11:56:09.996756,2026-06-07 11:56:09.996756
弁護士ドットコム,10350弁護士ドットコム丸の内中央法律事務所__0342146208,True,2026-06-07 11:56:09.998517,2026-06-07 11:56:09.998517
弁護士ドットコム,10351弁護士ドットコム鈴木淳也総合法律事務所__0342146209,True,2026-06-07 11:56:09.999584,2026-06-07 11:56:09.999584
弁護士ドットコム,10352弁護士ドットコム法律事務所way__0342146223,True,2026-06-07 11:56:10.000647,2026-06-07 11:56:10.000647
弁護士ドットコム,10353弁護士ドットコム鈴悠法律事務所__0342146211,True,2026-06-07 11:56:10.001154,2026-06-07 11:56:10.001154
弁護士ドットコム,10354弁護士ドットコム千代田プロテア法律事務所__0342146226,True,2026-06-07 11:56:10.002675,2026-06-07 11:56:10.002675
弁護士ドットコム,10355弁護士ドットコム加藤法律不動産鑑定事務所__0342146229,True,2026-06-07 11:56:10.002675,2026-06-07 11:56:10.002675
弁護士ドットコム,10356弁護士ドットコムなぎ法律事務所__0342146227,True,2026-06-07 11:56:10.004194,2026-06-07 11:56:10.004194
弁護士ドットコム,10357弁護士ドットコム小池亮史法律事務所__0342146224,True,2026-06-07 11:56:10.004724,2026-06-07 11:56:10.004724
弁護士ドットコム,10358弁護士ドットコム藍和綜合法律事務所__0342146228,True,2026-06-07 11:56:10.005228,2026-06-07 11:56:10.005228
弁護士ドットコム,10359弁護士ドットコムプロキオン法律事務所横浜__0342146225,True,2026-06-07 11:56:10.005753,2026-06-07 11:56:10.005753
弁護士ドットコム,10360弁護士ドットコムまこまない法律事務所__0342146230,True,2026-06-07 11:56:10.006260,2026-06-07 11:56:10.006260
弁護士ドットコム,10361弁護士ドットコム東京中央総合法律事務所__0342146231,True,2026-06-07 11:56:10.007299,2026-06-07 11:56:10.007299
弁護士ドットコム,10362弁護士ドットコムオーシャンズ若松法律事務所__0342146232,True,2026-06-07 11:56:10.007844,2026-06-07 11:56:10.007844
弁護士ドットコム,10363弁護士ドットコムテンモー法律事務所__0342146245,True,2026-06-07 11:56:10.008874,2026-06-07 11:56:10.008874
弁護士ドットコム,10367弁護士ドットコム長浜アラ法律事務所__0342146244,True,2026-06-07 11:56:10.009381,2026-06-07 11:56:10.009381
弁護士ドットコム,10369弁護士ドットコム松並法律事務所__0342146233,True,2026-06-07 11:56:10.011926,2026-06-07 11:56:10.011926
弁護士ドットコム,10370弁護士ドットコム大宮ありあけ法律事務所刑事__0342146246,True,2026-06-07 11:56:10.013501,2026-06-07 11:56:10.013501
弁護士ドットコム,70357弁護士ドットコム伊倉総合法律事務所__0344164715,True,2026-06-07 11:56:10.014024,2026-06-07 11:56:10.014024
弁護士ドットコム,70358弁護士ドットコム東京西法律事務所__0344164865,True,2026-06-07 11:56:10.014531,2026-06-07 11:56:10.014531
弁護士ドットコム,70360弁護士ドットコムオリオン池袋東口法律事務所__0344164866,True,2026-06-07 11:56:10.015354,2026-06-07 11:56:10.015354
弁護士ドットコム,70361弁護士ドットコム船橋・習志野台法律事務所__0344164867,True,2026-06-07 11:56:10.015861,2026-06-07 11:56:10.015861
弁護士ドットコム,70381弁護士ドットコム法律事務所横濱アカデミア__0344164871,True,2026-06-07 11:56:10.015861,2026-06-07 11:56:10.015861
弁護士ドットコム,70383弁護士ドットコム弁護士法人みお綜合法律事務所__0344164873,True,2026-06-07 11:56:10.017379,2026-06-07 11:56:10.017379
弁護士ドットコム,70409弁護士ドットコム木村・古賀法律事務所__0344164723,True,2026-06-07 11:56:10.017966,2026-06-07 11:56:10.017966
弁護士ドットコム,70428弁護士ドットコムみなと綜合法律事務所__0344164733,True,2026-06-07 11:56:10.018473,2026-06-07 11:56:10.018473
弁護士ドットコム,70482弁護士ドットコム大本総合法律事務所　金沢支店__0344164681,True,2026-06-07 11:56:10.019708,2026-06-07 11:56:10.019708
弁護士ドットコム,70484弁護士ドットコム大本総合法律事務所　東京本社__0344164683,True,2026-06-07 11:56:10.020252,2026-06-07 11:56:10.020252
弁護士ドットコム,70488弁護士ドットコム弁護士法人アジア総合法律事務所__0344164684,True,2026-06-07 11:56:10.021293,2026-06-07 11:56:10.021293
弁護士ドットコム,70495弁護士ドットコム弁護士法人宇都宮東法律事務所__0342131009,True,2026-06-07 11:56:10.021800,2026-06-07 11:56:10.021800
弁護士ドットコム,70505弁護士ドットコム丸山綜合法律事務所__0344164689,True,2026-06-07 11:56:10.022369,2026-06-07 11:56:10.022369
弁護士ドットコム,70530弁護士ドットコム弁護士法人Bolero__0344164890,True,2026-06-07 11:56:10.022876,2026-06-07 11:56:10.022876
弁護士ドットコム,70559弁護士ドットコムリバーシティ法律事務所__0344164757,True,2026-06-07 11:56:10.023411,2026-06-07 11:56:10.023411
弁護士ドットコム,70560弁護士ドットコム大本総合法律事務所　福岡支店__0344164892,True,2026-06-07 11:56:10.023919,2026-06-07 11:56:10.024441
弁護士ドットコム,70563弁護士ドットコム安富総合法律事務所__0344164893,True,2026-06-07 11:56:10.024948,2026-06-07 11:56:10.024948
弁護士ドットコム,70564弁護士ドットコム弁護士法人田中彰寿_京都_0344164672,True,2026-06-07 11:56:10.024948,2026-06-07 11:56:10.024948
弁護士ドットコム,70565弁護士ドットコム田中彰寿法律_草津__0344164870,True,2026-06-07 11:56:10.026473,2026-06-07 11:56:10.026473
弁護士ドットコム,70570弁護士ドットコム上島法律事務所__0344164713,True,2026-06-07 11:56:10.028198,2026-06-07 11:56:10.028198
弁護士ドットコム,70579弁護士ドットコム森大治郎法律事務所__0344164877,True,2026-06-07 11:56:10.028198,2026-06-07 11:56:10.028198
弁護士ドットコム,70580弁護士ドットコムせせらぎ法律東京立川__0344164879,True,2026-06-07 11:56:10.030267,2026-06-07 11:56:10.030267
弁護士ドットコム,70581弁護士ドットコム谷四いちむら法律事務所__0344164880,True,2026-06-07 11:56:10.030774,2026-06-07 11:56:10.030774
弁護士ドットコム,70582弁護士ドットコム染矢修孝法律事務所__0344164881,True,2026-06-07 11:56:10.030774,2026-06-07 11:56:10.030774
弁護士ドットコム,70589弁護士ドットコム弁護士法人翠__0344164883,True,2026-06-07 11:56:10.030774,2026-06-07 11:56:10.030774
弁護士ドットコム,70591弁護士ドットコムたいよう総合法律事務所__0344164885,True,2026-06-07 11:56:10.032291,2026-06-07 11:56:10.032291
弁護士ドットコム,70596弁護士ドットコム定禅寺通り法律事務所__0344164886,True,2026-06-07 11:56:10.033327,2026-06-07 11:56:10.033327
弁護士ドットコム,70598弁護士ドットコム奈良西大寺法律事務所__0344164663,True,2026-06-07 11:56:10.033846,2026-06-07 11:56:10.033846
弁護士ドットコム,70599弁護士ドットコム三好法律事務所__0344164664,True,2026-06-07 11:56:10.034351,2026-06-07 11:56:10.034351
弁護士ドットコム,70644弁護士ドットコム江越法律事務所__0344164887,True,2026-06-07 11:56:10.034878,2026-06-07 11:56:10.034878
弁護士ドットコム,70653弁護士ドットコム島法律事務所__0344164872,True,2026-06-07 11:56:10.035382,2026-06-07 11:56:10.035382
弁護士ドットコム,70654弁護士ドットコムざっしょのくま法律事務所__0344164875,True,2026-06-07 11:56:10.035908,2026-06-07 11:56:10.035908
弁護士ドットコム,70655弁護士ドットコム藤井雅子法律事務所__0344164876,True,2026-06-07 11:56:10.036412,2026-06-07 11:56:10.036412
弁護士ドットコム,70664弁護士ドットコム上田・土澤法律事務所__0344164888,True,2026-06-07 11:56:10.036935,2026-06-07 11:56:10.036935
弁護士ドットコム,70666弁護士ドットコムましろ法律事務所__0344164889,True,2026-06-07 11:56:10.037439,2026-06-07 11:56:10.037439
弁護士ドットコム,70674弁護士ドットコム上大岡法律事務所__0344164895,True,2026-06-07 11:56:10.038468,2026-06-07 11:56:10.038468
弁護士ドットコム,70675弁護士ドットコム恵光法律事務所__0344164679,True,2026-06-07 11:56:10.039000,2026-06-07 11:56:10.039000
弁護士ドットコム,70676弁護士ドットコム安保雅博法律事務所__0344164680,True,2026-06-07 11:56:10.039506,2026-06-07 11:56:10.039506
弁護士ドットコム,70679弁護士ドットコム名駅南法律事務所__0344164699,True,2026-06-07 11:56:10.039506,2026-06-07 11:56:10.039506
弁護士ドットコム,70683弁護士ドットコム足立とねり法律会計事務所__0342131005,True,2026-06-07 11:56:10.039506,2026-06-07 11:56:10.039506
弁護士ドットコム,70689弁護士ドットコム松尾・中村・上法律事務所__0342131007,True,2026-06-07 11:56:10.041040,2026-06-07 11:56:10.041040
弁護士ドットコム,70694弁護士ドットコム工藤総合法律事務所__0342131008,True,2026-06-07 11:56:10.041040,2026-06-07 11:56:10.041040
弁護士ドットコム,70703弁護士ドットコムルミナス法律事務所埼玉__0344164687,True,2026-06-07 11:56:10.045367,2026-06-07 11:56:10.045367
弁護士ドットコム,70708弁護士ドットコム弁護士法人ＨＡＬ新小岩法律__0342131010,True,2026-06-07 11:56:10.046928,2026-06-07 11:56:10.046928
弁護士ドットコム,70711弁護士ドットコム上本町総合法律事務所__0342131012,True,2026-06-07 11:56:10.046928,2026-06-07 11:56:10.046928
弁護士ドットコム,70716弁護士ドットコム神田法律事務所__0342131006,True,2026-06-07 11:56:10.048453,2026-06-07 11:56:10.048453
弁護士ドットコム,70717弁護士ドットコム湊総合法律事務所__0342131015,True,2026-06-07 11:56:10.049484,2026-06-07 11:56:10.049484
弁護士ドットコム,70718弁護士ドットコムインテグラル法律事務所__0342131016,True,2026-06-07 11:56:10.050013,2026-06-07 11:56:10.050013
弁護士ドットコム,70724弁護士ドットコム佐賀駅前法律事務所__0342131017,True,2026-06-07 11:56:10.051028,2026-06-07 11:56:10.051028
弁護士ドットコム,70725弁護士ドットコム原綜合法律事務所__0344164858,True,2026-06-07 11:56:10.051533,2026-06-07 11:56:10.051533
弁護士ドットコム,70726弁護士ドットコム武蔵野合同法律事務所__0344164859,True,2026-06-07 11:56:10.051533,2026-06-07 11:56:10.051533
弁護士ドットコム,70728弁護士ドットコムハイペリオン法律事務所__0344164860,True,2026-06-07 11:56:10.053052,2026-06-07 11:56:10.053052
弁護士ドットコム,70729弁護士ドットコム四日市SG法律事務所__0344164861,True,2026-06-07 11:56:10.053996,2026-06-07 11:56:10.053996
弁護士ドットコム,70755弁護士ドットコムLL＆P総合法律事務所__0344164863,True,2026-06-07 11:56:10.054502,2026-06-07 11:56:10.054502
弁護士ドットコム,70757弁護士ドットコム札幌アカシヤ法律事務所__0344164864,True,2026-06-07 11:56:10.055624,2026-06-07 11:56:10.055624
弁護士ドットコム,70763弁護士ドットコム法技研横浜法律事務所__0344164869,True,2026-06-07 11:56:10.055624,2026-06-07 11:56:10.055624
弁護士ドットコム,70784弁護士ドットコム法律事務所かくすけ__0344164891,True,2026-06-07 11:56:10.056770,2026-06-07 11:56:10.056770
弁護士ドットコム,70792弁護士ドットコムこもだ法律事務所__0344164712,True,2026-06-07 11:56:10.056770,2026-06-07 11:56:10.056770
弁護士ドットコム,70793弁護士ドットコム田村護法律事務所__0344164735,True,2026-06-07 11:56:10.059055,2026-06-07 11:56:10.059055
弁護士ドットコム,80064弁護士ドットコム田阪法律事務所__0366288592,True,2026-06-07 11:56:10.060091,2026-06-07 11:56:10.060091
弁護士ドットコム,80716弁護士ドットコム荒木法律事務所__0344164688,True,2026-06-07 11:56:10.060599,2026-06-07 11:56:10.060599
弁護士ドットコム,90005弁護士ドットコム弁護士法人田中ひろし法律事務所__0344164696,True,2026-06-07 11:56:10.060599,2026-06-07 11:56:10.060599
弁護士ドットコム,90010弁護士ドットコム稲葉セントラル法律事務所__0344164700,True,2026-06-07 11:56:10.062139,2026-06-07 11:56:10.062139
弁護士ドットコム,90013弁護士ドットコム京都小松法律事務所__0344164703,True,2026-06-07 11:56:10.062772,2026-06-07 11:56:10.062772
弁護士ドットコム,90014弁護士ドットコム大木祐二法律事務所__0344164704,True,2026-06-07 11:56:10.063281,2026-06-07 11:56:10.063281
弁護士ドットコム,90018弁護士ドットコム和泉府中法律事務所__0344164706,True,2026-06-07 11:56:10.063827,2026-06-07 11:56:10.063827
弁護士ドットコム,90050弁護士ドットコム晋和総合法律事務所__0344164727,True,2026-06-07 11:56:10.064887,2026-06-07 11:56:10.064887
弁護士ドットコム,90056弁護士ドットコム堀内法律事務所__0344164731,True,2026-06-07 11:56:10.065396,2026-06-07 11:56:10.065396
弁護士ドットコム,90059弁護士ドットコムときわ綜合法律事務所__0344164736,True,2026-06-07 11:56:10.065947,2026-06-07 11:56:10.065947
弁護士ドットコム,90062弁護士ドットコム村本法律事務所__0344164737,True,2026-06-07 11:56:10.066456,2026-06-07 11:56:10.066456
弁護士ドットコム,90064弁護士ドットコム堀口・森山法律事務所__0344164739,True,2026-06-07 11:56:10.067012,2026-06-07 11:56:10.067012
弁護士ドットコム,90066弁護士ドットコム力新堂法律事務所__0344164740,True,2026-06-07 11:56:10.067521,2026-06-07 11:56:10.067521
弁護士ドットコム,90068弁護士ドットコム黒磯総合法律事務所__0344164743,True,2026-06-07 11:56:10.067521,2026-06-07 11:56:10.067521
弁護士ドットコム,90077弁護士ドットコムフェリーチェ法律事務所__0344164750,True,2026-06-07 11:56:10.069051,2026-06-07 11:56:10.069051
弁護士ドットコム,90082弁護士ドットコムアライズ溝の口法律事務所__0344164698,True,2026-06-07 11:56:10.069051,2026-06-07 11:56:10.069051
弁護士ドットコム,90088弁護士ドットコムボーリバージュ法律事務所__0344164685,True,2026-06-07 11:56:10.069051,2026-06-07 11:56:10.069051
弁護士ドットコム,90093弁護士ドットコム弁護士法人一宮総合法律事務所__0344164824,True,2026-06-07 11:56:10.070587,2026-06-07 11:56:10.070587
弁護士ドットコム,90098弁護士ドットコム小野裕司法律事務所__0344164827,True,2026-06-07 11:56:10.072133,2026-06-07 11:56:10.072133
弁護士ドットコム,90101弁護士ドットコム菅野法律事務所__0344164829,True,2026-06-07 11:56:10.073670,2026-06-07 11:56:10.073670
弁護士ドットコム,90102弁護士ドットコム弁護士法人リブラ共同法律事務所__0344164830,True,2026-06-07 11:56:10.075384,2026-06-07 11:56:10.075384
弁護士ドットコム,90103弁護士ドットコム樹氷の森法律事務所__0344164831,True,2026-06-07 11:56:10.076932,2026-06-07 11:56:10.076932
弁護士ドットコム,90104弁護士ドットコム銀座さいとう法律事務所__0344164832,True,2026-06-07 11:56:10.076932,2026-06-07 11:56:10.076932
弁護士ドットコム,90106弁護士ドットコム鮫島法律事務所__0344164834,True,2026-06-07 11:56:10.078466,2026-06-07 11:56:10.078466
弁護士ドットコム,90110弁護士ドットコム松阪みらい法律事務所__0344164837,True,2026-06-07 11:56:10.078466,2026-06-07 11:56:10.078466
弁護士ドットコム,90112弁護士ドットコム弁護士法人シティ総合法律事務所__0344164839,True,2026-06-07 11:56:10.079992,2026-06-07 11:56:10.079992
弁護士ドットコム,90113弁護士ドットコム大明法律事務所__0344164840,True,2026-06-07 11:56:10.079992,2026-06-07 11:56:10.079992
弁護士ドットコム,90116弁護士ドットコム関泰宏法律事務所__0344164843,True,2026-06-07 11:56:10.081519,2026-06-07 11:56:10.081519
弁護士ドットコム,90118弁護士ドットコム桜樹法律事務所__0344164845,True,2026-06-07 11:56:10.081519,2026-06-07 11:56:10.081519
弁護士ドットコム,90121弁護士ドットコム後藤東京多摩本川越__0344164846,True,2026-06-07 11:56:10.083078,2026-06-07 11:56:10.083078
弁護士ドットコム,90127弁護士ドットコム北海道国際法律事務所__0344164849,True,2026-06-07 11:56:10.083078,2026-06-07 11:56:10.083078
弁護士ドットコム,90128弁護士ドットコム平塚総合法律事務所 角田先生__0344164850,True,2026-06-07 11:56:10.083078,2026-06-07 11:56:10.083078
弁護士ドットコム,90131弁護士ドットコム栗屋総合法律事務所__0344164852,True,2026-06-07 11:56:10.084609,2026-06-07 11:56:10.084609
弁護士ドットコム,90133弁護士ドットコム法律事務所瀬合パートナーズ__0344164853,True,2026-06-07 11:56:10.084609,2026-06-07 11:56:10.084609
弁護士ドットコム,90134弁護士ドットコム瀬合パートナーズ姫路支店__0344164854,True,2026-06-07 11:56:10.086134,2026-06-07 11:56:10.086134
弁護士ドットコム,90136弁護士ドットコム佐藤法律事務所__0344164855,True,2026-06-07 11:56:10.086134,2026-06-07 11:56:10.086134
弁護士ドットコム,90138弁護士ドットコム木村総合法律事務所__0344164857,True,2026-06-07 11:56:10.087193,2026-06-07 11:56:10.087193
弁護士ドットコム,90146弁護士ドットコム若葉パートナーズ法律会計事務所__0344164779,True,2026-06-07 11:56:10.087193,2026-06-07 11:56:10.087193
弁護士ドットコム,90147弁護士ドットコムはばたき法律事務所__0344164780,True,2026-06-07 11:56:10.088710,2026-06-07 11:56:10.088710
弁護士ドットコム,90149弁護士ドットコムあさひかわ法律事務所__0344164782,True,2026-06-07 11:56:10.088710,2026-06-07 11:56:10.088710
弁護士ドットコム,90151弁護士ドットコム我孫子あやめ法律事務所__0344164784,True,2026-06-07 11:56:10.088710,2026-06-07 11:56:10.088710
弁護士ドットコム,90153弁護士ドットコム虎ノ門法律経済事務所新宿支店__0344164785,True,2026-06-07 11:56:10.090793,2026-06-07 11:56:10.090793
弁護士ドットコム,90160弁護士ドットコム春江法律事務所__0344164788,True,2026-06-07 11:56:10.091983,2026-06-07 11:56:10.091983
弁護士ドットコム,90162弁護士ドットコム弁護士法人水天宮法律事務所__0344164789,True,2026-06-07 11:56:10.092491,2026-06-07 11:56:10.092491
弁護士ドットコム,90166弁護士ドットコム鹿児島シティ法律事務所__0344164791,True,2026-06-07 11:56:10.093603,2026-06-07 11:56:10.093603
弁護士ドットコム,90170弁護士ドットコムブリッジルーツ名古屋__0344164793,True,2026-06-07 11:56:10.093603,2026-06-07 11:56:10.093603
弁護士ドットコム,90173弁護士ドットコムかいづ法律事務所__0344164794,True,2026-06-07 11:56:10.093603,2026-06-07 11:56:10.093603
弁護士ドットコム,90177弁護士ドットコムしばた未来法律事務所__0344164795,True,2026-06-07 11:56:10.095132,2026-06-07 11:56:10.095132
弁護士ドットコム,90178弁護士ドットコム沢田法律事務所__0344164796,True,2026-06-07 11:56:10.096240,2026-06-07 11:56:10.096240
弁護士ドットコム,90179弁護士ドットコム徳島みらい法律事務所__0344164797,True,2026-06-07 11:56:10.096240,2026-06-07 11:56:10.096240
弁護士ドットコム,90180弁護士ドットコム岸和田法律事務所__0344164798,True,2026-06-07 11:56:10.097769,2026-06-07 11:56:10.097769
弁護士ドットコム,90181弁護士ドットコム尾畠・山室法律事務所__0344164799,True,2026-06-07 11:56:10.097769,2026-06-07 11:56:10.097769
弁護士ドットコム,90188弁護士ドットコム虎ノ門法律経済事務所水戸支店__0344164801,True,2026-06-07 11:56:10.097769,2026-06-07 11:56:10.097769
弁護士ドットコム,90189弁護士ドットコムしみず法律事務所__0344164694,True,2026-06-07 11:56:10.099293,2026-06-07 11:56:10.099293
弁護士ドットコム,90197弁護士ドットコム融希法律事務所__0344164601,True,2026-06-07 11:56:10.099293,2026-06-07 11:56:10.099293
弁護士ドットコム,90204弁護士ドットコム窪田総合法律事務所__0344164604,True,2026-06-07 11:56:10.099293,2026-06-07 11:56:10.099293
弁護士ドットコム,90205弁護士ドットコム宮本和幸法律事務所__0344164605,True,2026-06-07 11:56:10.100821,2026-06-07 11:56:10.100821
弁護士ドットコム,90206弁護士ドットコム法律事務所大地__0344164606,True,2026-06-07 11:56:10.100821,2026-06-07 11:56:10.100821
弁護士ドットコム,90209弁護士ドットコム三田すずらん法律事務所__0344164608,True,2026-06-07 11:56:10.100821,2026-06-07 11:56:10.100821
弁護士ドットコム,90210弁護士ドットコムはるな総合法律事務所__0344164609,True,2026-06-07 11:56:10.102345,2026-06-07 11:56:10.102345
弁護士ドットコム,90215弁護士ドットコムシティクロス総合法律事務所__0344164611,True,2026-06-07 11:56:10.102345,2026-06-07 11:56:10.102345
弁護士ドットコム,90218弁護士ドットコムしらとり法律事務所__0344164612,True,2026-06-07 11:56:10.102345,2026-06-07 11:56:10.102345
弁護士ドットコム,90221弁護士ドットコム自由西宮法律事務所__0344164614,True,2026-06-07 11:56:10.103867,2026-06-07 11:56:10.103867
弁護士ドットコム,90223弁護士ドットコム甲能法律事務所__0344164616,True,2026-06-07 11:56:10.103867,2026-06-07 11:56:10.103867
弁護士ドットコム,90226弁護士ドットコム渡辺弘法律事務所__0344164619,True,2026-06-07 11:56:10.105396,2026-06-07 11:56:10.105396
弁護士ドットコム,90227弁護士ドットコム法律事務所エイチーム__0344164620,True,2026-06-07 11:56:10.105396,2026-06-07 11:56:10.105396
弁護士ドットコム,90228弁護士ドットコム渡邉法律事務所__0344164621,True,2026-06-07 11:56:10.105396,2026-06-07 11:56:10.105396
弁護士ドットコム,90229弁護士ドットコム山村忠夫法律事務所__0344164622,True,2026-06-07 11:56:10.107090,2026-06-07 11:56:10.107090
弁護士ドットコム,90231弁護士ドットコムあゆみ法律事務所__0344164623,True,2026-06-07 11:56:10.108620,2026-06-07 11:56:10.108620
弁護士ドットコム,90232弁護士ドットコム浦和セントラル法律事務所__0344164624,True,2026-06-07 11:56:10.108620,2026-06-07 11:56:10.108620
弁護士ドットコム,90237弁護士ドットコム大阪芙蓉法律寝屋川__0344164628,True,2026-06-07 11:56:10.110182,2026-06-07 11:56:10.110182
弁護士ドットコム,90238弁護士ドットコム木村・黒江法律事務所__0344164629,True,2026-06-07 11:56:10.110182,2026-06-07 11:56:10.110182
弁護士ドットコム,90242弁護士ドットコムオールイズワン浦和総合__0344164747,True,2026-06-07 11:56:10.111713,2026-06-07 11:56:10.111713
弁護士ドットコム,90243弁護士ドットコム桜花法律事務所__0344164631,True,2026-06-07 11:56:10.111713,2026-06-07 11:56:10.111713
弁護士ドットコム,90244弁護士ドットコム井上法律事務所__0344164632,True,2026-06-07 11:56:10.113243,2026-06-07 11:56:10.113243
弁護士ドットコム,90248弁護士ドットコム臼田法律事務所__0344164804,True,2026-06-07 11:56:10.113243,2026-06-07 11:56:10.113243
弁護士ドットコム,90254弁護士ドットコムはまきた法律事務所__0344164808,True,2026-06-07 11:56:10.114785,2026-06-07 11:56:10.114785
弁護士ドットコム,90263弁護士ドットコム梅田日輪法律事務所__0344164809,True,2026-06-07 11:56:10.114785,2026-06-07 11:56:10.114785
弁護士ドットコム,90264弁護士ドットコムAYU総合法律事務所__0344164810,True,2026-06-07 11:56:10.116315,2026-06-07 11:56:10.116315
弁護士ドットコム,90267弁護士ドットコムひやま法律事務所__0344164812,True,2026-06-07 11:56:10.116315,2026-06-07 11:56:10.116315
弁護士ドットコム,90270弁護士ドットコム九段坂総合法律事務所__0344164815,True,2026-06-07 11:56:10.116315,2026-06-07 11:56:10.116315
弁護士ドットコム,90277弁護士ドットコム桐生励法律事務所__0344164816,True,2026-06-07 11:56:10.117837,2026-06-07 11:56:10.117837
弁護士ドットコム,90278弁護士ドットコム東京ディフェンダー法律事務所__0344164673,True,2026-06-07 11:56:10.117837,2026-06-07 11:56:10.117837
弁護士ドットコム,90281弁護士ドットコム虎ノ門法律経済事務所荻窪支店__0344164817,True,2026-06-07 11:56:10.119358,2026-06-07 11:56:10.119358
弁護士ドットコム,90288弁護士ドットコム千代田法律・会計事務所__0344164819,True,2026-06-07 11:56:10.119358,2026-06-07 11:56:10.119358
弁護士ドットコム,90290弁護士ドットコムベンチャーサポート法律事務所__0344164821,True,2026-06-07 11:56:10.120369,2026-06-07 11:56:10.120369
弁護士ドットコム,90292弁護士ドットコム弁護士法人リコネス法律事務所__0344164822,True,2026-06-07 11:56:10.120876,2026-06-07 11:56:10.120876
弁護士ドットコム,90293弁護士ドットコム新世綜合法律事務所__0344164823,True,2026-06-07 11:56:10.121884,2026-06-07 11:56:10.121884
弁護士ドットコム,90295弁護士ドットコム福本法律事務所__0344164602,True,2026-06-07 11:56:10.121884,2026-06-07 11:56:10.121884
弁護士ドットコム,90296弁護士ドットコム長岡とちお法律事務所__0344164610,True,2026-06-07 11:56:10.123412,2026-06-07 11:56:10.123412
弁護士ドットコム,90299弁護士ドットコムとみます法律事務所__0344164686,True,2026-06-07 11:56:10.123412,2026-06-07 11:56:10.123412
弁護士ドットコム,90300弁護士ドットコムふるかわ法律事務所__0344164690,True,2026-06-07 11:56:10.123412,2026-06-07 11:56:10.123412
弁護士ドットコム,90301弁護士ドットコムあわざ総合法律事務所__0344164691,True,2026-06-07 11:56:10.124951,2026-06-07 11:56:10.124951
弁護士ドットコム,90304弁護士ドットコム清水神田法律事務所__0344164643,True,2026-06-07 11:56:10.124951,2026-06-07 11:56:10.124951
弁護士ドットコム,90306弁護士ドットコム天神南法律事務所__0344164708,True,2026-06-07 11:56:10.126491,2026-06-07 11:56:10.126491
弁護士ドットコム,90307弁護士ドットコム弁護士法人倉敷みらい__0344164717,True,2026-06-07 11:56:10.126491,2026-06-07 11:56:10.126491
弁護士ドットコム,90308弁護士ドットコム弁護士法人山本総合法律事務所__0344164718,True,2026-06-07 11:56:10.128018,2026-06-07 11:56:10.128018
弁護士ドットコム,90310弁護士ドットコム弁護士法人池袋吉田総合__0344164613,True,2026-06-07 11:56:10.128018,2026-06-07 11:56:10.128018
弁護士ドットコム,90311弁護士ドットコムはるかぜ法律事務所__0344164720,True,2026-06-07 11:56:10.128018,2026-06-07 11:56:10.128018
弁護士ドットコム,90312弁護士ドットコム泉州つかさ法律事務所__0344164722,True,2026-06-07 11:56:10.129407,2026-06-07 11:56:10.129407
弁護士ドットコム,90315弁護士ドットコムアトム神戸法律事務所__0344164734,True,2026-06-07 11:56:10.129933,2026-06-07 11:56:10.129933
弁護士ドットコム,90318弁護士ドットコム塚田総合法律事務所__0344164742,True,2026-06-07 11:56:10.130440,2026-06-07 11:56:10.130440
弁護士ドットコム,90319弁護士ドットコム陽だまり法律事務所__0344164758,True,2026-06-07 11:56:10.131406,2026-06-07 11:56:10.131406
弁護士ドットコム,90329弁護士ドットコム弁護士法人はやて法律事務所__0344164634,True,2026-06-07 11:56:10.131914,2026-06-07 11:56:10.131914
弁護士ドットコム,90332弁護士ドットコム津田沼総合法律事務所__0344164637,True,2026-06-07 11:56:10.132444,2026-06-07 11:56:10.132444
弁護士ドットコム,90336弁護士ドットコム関川法律事務所__0344164639,True,2026-06-07 11:56:10.132953,2026-06-07 11:56:10.132953
弁護士ドットコム,90339弁護士ドットコム川崎パートナーズ法律事務所__0344164640,True,2026-06-07 11:56:10.132953,2026-06-07 11:56:10.132953
弁護士ドットコム,90342弁護士ドットコム西・沖本法律事務所__0344164641,True,2026-06-07 11:56:10.133720,2026-06-07 11:56:10.133720
弁護士ドットコム,90348弁護士ドットコムむらやま法律事務所__0344164644,True,2026-06-07 11:56:10.134229,2026-06-07 11:56:10.134229
弁護士ドットコム,90350弁護士ドットコムフロンティア二子玉川オフィス__0344164646,True,2026-06-07 11:56:10.134909,2026-06-07 11:56:10.134909
弁護士ドットコム,90356弁護士ドットコム徳永法律事務所__0344164648,True,2026-06-07 11:56:10.135430,2026-06-07 11:56:10.135430
弁護士ドットコム,90359弁護士ドットコム赤磐法律事務所__0344164649,True,2026-06-07 11:56:10.135430,2026-06-07 11:56:10.135430
弁護士ドットコム,90365弁護士ドットコムまちかど法律事務所__0344164650,True,2026-06-07 11:56:10.135430,2026-06-07 11:56:10.135430
弁護士ドットコム,90366弁護士ドットコム宇田川・竹原法律事務所__0344164651,True,2026-06-07 11:56:10.136975,2026-06-07 11:56:10.136975
弁護士ドットコム,90369弁護士ドットコム弁護士法人やいろ法律事務所__0344164652,True,2026-06-07 11:56:10.138215,2026-06-07 11:56:10.138215
弁護士ドットコム,90370弁護士ドットコム伸晄法律事務所__0344164653,True,2026-06-07 11:56:10.138215,2026-06-07 11:56:10.138215
弁護士ドットコム,90371弁護士ドットコムあおき法律事務所__0344164654,True,2026-06-07 11:56:10.138215,2026-06-07 11:56:10.138215
弁護士ドットコム,90377弁護士ドットコム赤羽駅前法律事務所__0344164656,True,2026-06-07 11:56:10.138215,2026-06-07 11:56:10.138215
弁護士ドットコム,90382弁護士ドットコム渋谷カケル法律事務所__0344164658,True,2026-06-07 11:56:10.139732,2026-06-07 11:56:10.139732
弁護士ドットコム,90391弁護士ドットコム佐藤総合法律事務所__0344164662,True,2026-06-07 11:56:10.139732,2026-06-07 11:56:10.139732
弁護士ドットコム,90397弁護士ドットコムガーディアン法律事務所__0344164665,True,2026-06-07 11:56:10.139732,2026-06-07 11:56:10.139732
弁護士ドットコム,90399弁護士ドットコム札幌・松下法律事務所__0344164667,True,2026-06-07 11:56:10.141281,2026-06-07 11:56:10.141281
弁護士ドットコム,90400弁護士ドットコムアルファ総合法律事務所__0344164668,True,2026-06-07 11:56:10.141281,2026-06-07 11:56:10.141281
弁護士ドットコム,90402弁護士ドットコム西葛西スター総合法律事務所__0344164669,True,2026-06-07 11:56:10.142537,2026-06-07 11:56:10.142537
弁護士ドットコム,90411弁護士ドットコム坂入法律事務所__0344164677,True,2026-06-07 11:56:10.143061,2026-06-07 11:56:10.143061
弁護士ドットコム,90412弁護士ドットコム伊井法律事務所__0344164678,True,2026-06-07 11:56:10.143569,2026-06-07 11:56:10.143569
弁護士ドットコム,90421弁護士ドットコム尾崎祐一法律事務所__0344164851,True,2026-06-07 11:56:10.144092,2026-06-07 11:56:10.144092
弁護士ドットコム,90437弁護士ドットコム弁護士法人Future__0344164761,True,2026-06-07 11:56:10.144602,2026-06-07 11:56:10.144602
弁護士ドットコム,90438弁護士ドットコム法律事務所羅針盤__0344164762,True,2026-06-07 11:56:10.144602,2026-06-07 11:56:10.144602
弁護士ドットコム,90442弁護士ドットコム新座中央通り法律事務所__0344164764,True,2026-06-07 11:56:10.144602,2026-06-07 11:56:10.144602
弁護士ドットコム,90444弁護士ドットコム竹下一郎法律事務所__0344164765,True,2026-06-07 11:56:10.146149,2026-06-07 11:56:10.146149
弁護士ドットコム,90453弁護士ドットコム植村法律事務所__0344164769,True,2026-06-07 11:56:10.146149,2026-06-07 11:56:10.146149
弁護士ドットコム,90460弁護士ドットコム浮葉法律事務所__0344164772,True,2026-06-07 11:56:10.146149,2026-06-07 11:56:10.146149
弁護士ドットコム,90462弁護士ドットコム弁護士法人福澤法律事務所__0344164773,True,2026-06-07 11:56:10.147721,2026-06-07 11:56:10.147721
弁護士ドットコム,90463弁護士ドットコムセトル法律事務所__0344164774,True,2026-06-07 11:56:10.147721,2026-06-07 11:56:10.147721
弁護士ドットコム,90464弁護士ドットコム長谷川菜園法律事務所__0344164775,True,2026-06-07 11:56:10.147721,2026-06-07 11:56:10.147721
弁護士ドットコム,90471弁護士ドットコムでいご法律事務所__0344164778,True,2026-06-07 11:56:10.149264,2026-06-07 11:56:10.149264
弁護士ドットコム,90477弁護士ドットコムありあけ法律事務所__0344164897,True,2026-06-07 11:56:10.149264,2026-06-07 11:56:10.149264
弁護士ドットコム,90478弁護士ドットコム白妙法律事務所__0344164710,True,2026-06-07 11:56:10.150303,2026-06-07 11:56:10.150303
弁護士ドットコム,90484弁護士ドットコム九段坂たじま法律事務所__0344164814,True,2026-06-07 11:56:10.150303,2026-06-07 11:56:10.150303
弁護士ドットコム,90487弁護士ドットコム田原大三郎法律事務所__0344164896,True,2026-06-07 11:56:10.151849,2026-06-07 11:56:10.151849
弁護士ドットコム,90490弁護士ドットコム佐藤興治郎法律事務所__0344164899,True,2026-06-07 11:56:10.151849,2026-06-07 11:56:10.151849
弁護士ドットコム,90494弁護士ドットコムはかた法律事務所__0342131001,True,2026-06-07 11:56:10.151849,2026-06-07 11:56:10.151849
弁護士ドットコム,90496弁護士ドットコムりべる総合法律事務所__0342131003,True,2026-06-07 11:56:10.153389,2026-06-07 11:56:10.153389
弁護士ドットコム,90506弁護士ドットコム黒川法律事務所__0342131013,True,2026-06-07 11:56:10.153389,2026-06-07 11:56:10.153389
弁護士ドットコム,90507弁護士ドットコム工藤法律事務所__0342131014,True,2026-06-07 11:56:10.154974,2026-06-07 11:56:10.154974
弁護士ドットコム,90517弁護士ドットコム仙台かがやき法律事務所__0342131023,True,2026-06-07 11:56:10.154974,2026-06-07 11:56:10.154974
弁護士ドットコム,90519弁護士ドットコム福澤法律事務所立川支所__0342131025,True,2026-06-07 11:56:10.154974,2026-06-07 11:56:10.154974
弁護士ドットコム,90523弁護士ドットコム井口法律事務所__0342131029,True,2026-06-07 11:56:10.154974,2026-06-07 11:56:10.154974
弁護士ドットコム,90527弁護士ドットコム大聖寺駅前なないろ法律事務所__0342131032,True,2026-06-07 11:56:10.156513,2026-06-07 11:56:10.156513
弁護士ドットコム,90528弁護士ドットコム中川法律事務所__0342131033,True,2026-06-07 11:56:10.156513,2026-06-07 11:56:10.156513
弁護士ドットコム,90531弁護士ドットコム船倉法律事務所__0342131035,True,2026-06-07 11:56:10.158061,2026-06-07 11:56:10.158061
弁護士ドットコム,90532弁護士ドットコム米沢法律事務所__0344164675,True,2026-06-07 11:56:10.158061,2026-06-07 11:56:10.158061
弁護士ドットコム,90533弁護士ドットコム蒼星法律事務所__0342131037,True,2026-06-07 11:56:10.159611,2026-06-07 11:56:10.159611
弁護士ドットコム,90547弁護士ドットコム宮益坂ザ・ファーム法律会計__0342131048,True,2026-06-07 11:56:10.159611,2026-06-07 11:56:10.159611
弁護士ドットコム,90548弁護士ドットコム安田・遠藤法律事務所__0342131049,True,2026-06-07 11:56:10.161139,2026-06-07 11:56:10.161139
弁護士ドットコム,90550弁護士ドットコムクプアス西鹿児島法律事務所__0342131051,True,2026-06-07 11:56:10.161139,2026-06-07 11:56:10.161139
弁護士ドットコム,90560弁護士ドットコム真耀法律事務所__0342131058,True,2026-06-07 11:56:10.161139,2026-06-07 11:56:10.161139
弁護士ドットコム,90564弁護士ドットコム宮法律事務所__0342131060,True,2026-06-07 11:56:10.161139,2026-06-07 11:56:10.161139
弁護士ドットコム,90565弁護士ドットコムはなぞの綜合法律事務所__0342131061,True,2026-06-07 11:56:10.162657,2026-06-07 11:56:10.162657
弁護士ドットコム,90566弁護士ドットコム新宿清水法律事務所__0342131062,True,2026-06-07 11:56:10.162657,2026-06-07 11:56:10.162657
弁護士ドットコム,90568弁護士ドットコムきたはまアール法律事務所__0344164617,True,2026-06-07 11:56:10.162657,2026-06-07 11:56:10.162657
弁護士ドットコム,90572弁護士ドットコム旭川駅前法律事務所__0344164676,True,2026-06-07 11:56:10.164180,2026-06-07 11:56:10.164180
弁護士ドットコム,90578弁護士ドットコム品川中央法律事務所__0344164682,True,2026-06-07 11:56:10.164180,2026-06-07 11:56:10.164180
弁護士ドットコム,90579弁護士ドットコム藤井法律事務所__0344164693,True,2026-06-07 11:56:10.165702,2026-06-07 11:56:10.165702
弁護士ドットコム,90580弁護士ドットコム力武法律事務所__0344164695,True,2026-06-07 11:56:10.165702,2026-06-07 11:56:10.165702
弁護士ドットコム,90581弁護士ドットコム弁護士法人賢誠総合法律事務所__0344164702,True,2026-06-07 11:56:10.165702,2026-06-07 11:56:10.165702
弁護士ドットコム,90582弁護士ドットコム紀州石原法律事務所__0344164709,True,2026-06-07 11:56:10.167229,2026-06-07 11:56:10.167229
弁護士ドットコム,90584弁護士ドットコム伊丹法律事務所__0344164714,True,2026-06-07 11:56:10.167229,2026-06-07 11:56:10.167229
弁護士ドットコム,【不使用】90411弁護士ドットコム坂入法律事務所,True,2026-06-07 11:56:10.167229,2026-06-07 11:56:10.167229
弁護士ドットコム,【解約済】80060弁護士ドットコム弁護士法人法律事務所MI0366288591,True,2026-06-07 11:56:10.168757,2026-06-07 11:56:10.168757
弁護士ドットコム,弁護士ドットコム 0304　着信,True,2026-06-07 11:56:10.168757,2026-06-07 11:56:10.168757
弁護士ドットコム,弁護士ドットコム 0305　着信,True,2026-06-07 11:56:10.168757,2026-06-07 11:56:10.168757
弁護士ドットコム,弁護士ドットコム 0306　着信,True,2026-06-07 11:56:10.170446,2026-06-07 11:56:10.170446
弁護士ドットコム,弁護士ドットコム 0307　着信,True,2026-06-07 11:56:10.170446,2026-06-07 11:56:10.170446
弁護士ドットコム,弁護士ドットコム 0308　着信,True,2026-06-07 11:56:10.170446,2026-06-07 11:56:10.170446
弁護士ドットコム,弁護士ドットコム 0309　着信,True,2026-06-07 11:56:10.171971,2026-06-07 11:56:10.171971
弁護士ドットコム,弁護士ドットコム 0310　着信,True,2026-06-07 11:56:10.171971,2026-06-07 11:56:10.171971
弁護士ドットコム,弁護士ドットコム　テスト事務所 着信,True,2026-06-07 11:56:10.171971,2026-06-07 11:56:10.171971
弁護士ドットコム,弁護士ドットコム　発信専用0344164603　着信,True,2026-06-07 11:56:10.171971,2026-06-07 11:56:10.171971
